Station ID,Complex ID,GTFS Stop ID,Data Set Station,Division,Line,Stop Name,Borough,Daytime Routes,Structure,GTFS Latitude,GTFS Longitude
119,119,L06,1 AV,BMT,Canarsie,1 Av,M,L,Subway,40.730953,-73.981628
119,119,L06,1 AVE,BMT,Canarsie,1 Av,M,L,Subway,40.730953,-73.981628
156,156,A18,103 ST,IND,8th Av - Fulton St,103 St,M,B C,Subway,40.796092,-73.961454
309,309,119,103 ST,IRT,Broadway - 7Av,103 St,M,1,Subway,40.799446,-73.968379
395,395,624,103 ST,IRT,Lexington Av,103 St,M,6,Subway,40.7906,-73.947478
450,450,706,103 ST-CORONA,IRT,Flushing,103 St-Corona Plaza,Q,7,Elevated,40.749865,-73.8627
82,82,J14,104 ST,BMT,Jamaica,104 St,Q,J Z,Elevated,40.695178000000006,-73.84433
193,193,A63,104 ST,IND,Liberty Av,104 St,Q,A,Elevated,40.681711,-73.837683
394,394,623,110 ST,IRT,Lexington Av,110 St,M,6,Subway,40.79502,-73.94425
81,81,J13,111 ST,BMT,Jamaica,111 St,Q,J,Elevated,40.697418,-73.836345
194,194,A64,111 ST,IND,Liberty Av,111 St,Q,A,Elevated,40.684331,-73.832163
449,449,705,111 ST,IRT,Flushing,111 St,Q,7,Elevated,40.75173,-73.855334
154,154,A16,116 ST,IND,8th Av - Fulton St,116 St,M,B C,Subway,40.805085,-73.954882
393,393,622,116 ST,IRT,Lexington Av,116 St,M,6,Subway,40.798629,-73.94161700000001
440,440,226,116 ST,IRT,Lenox - White Plains Rd,116 St,M,2 3,Subway,40.802098,-73.949625
307,307,117,116 ST-COLUMBIA,IRT,Broadway - 7Av,116 St-Columbia University,M,1,Subway,40.807722,-73.96410999999999
80,80,J12,121 ST,BMT,Jamaica,121 St,Q,J Z,Elevated,40.700492,-73.828294
153,153,A15,125 ST,IND,8th Av - Fulton St,125 St,M,A B C D,Subway,40.811109,-73.952343
306,306,116,125 ST,IRT,Broadway - 7Av,125 St,M,1,Elevated,40.815581,-73.958372
392,392,621,125 ST,IRT,Lexington Av,125 St,M,4 5 6,Subway,40.804138,-73.93759399999999
439,439,225,125 ST,IRT,Lenox - White Plains Rd,125 St,M,2 3,Subway,40.807753999999996,-73.945495
152,152,A14,135 ST,IND,8th Av - Fulton St,135 St,M,B C,Subway,40.817894,-73.947649
438,438,224,135 ST,IRT,Lenox - White Plains Rd,135 St,M,2 3,Subway,40.814229,-73.94077
305,305,115,137 ST CITY COL,IRT,Broadway - 7Av,137 St-City College,M,1,Subway,40.822008000000004,-73.953676
305,305,115,137 ST-CITY COL,IRT,Broadway - 7Av,137 St-City College,M,1,Subway,40.822008000000004,-73.953676
391,391,416,138 ST-GR CONC,IRT,Jerome Av,138 St-Grand Concourse,Bx,4 5,Subway,40.813224,-73.929849
391,391,416,138/GRAND CONC,IRT,Jerome Av,138 St-Grand Concourse,Bx,4 5,Subway,40.813224,-73.929849
166,618,A31,14 ST,IND,8th Av - Fulton St,14 St,M,A C E,Subway,40.740893,-74.00169
229,601,D19,14 ST,IND,6th Av - Culver,14 St,M,F M,Subway,40.738228,-73.996209
322,601,132,14 ST-6 AVE,IRT,Broadway - 7Av,14 St,M,1 2 3,Subway,40.737826,-74.000201
15,602,R20,14 ST-UNION SQ,BMT,Broadway - Brighton,14 St-Union Sq,M,N Q R W,Subway,40.735735999999996,-73.99056800000001
406,602,635,14 ST-UNION SQ,IRT,Lexington Av,14 St-Union Sq,M,4 5 6,Subway,40.734673,-73.989951
117,602,L03,14 ST-UNION SQ,BMT,Canarsie,14 St-Union Sq.,M,L,Subway,40.734789,-73.99073
151,151,A12,145 ST,IND,8th Av - Fulton St,145 St,M,A C,Subway,40.824783000000004,-73.944216
151,151,D13,145 ST,IND,Concourse,145 St,M,B D,Subway,40.824783000000004,-73.944216
304,304,114,145 ST,IRT,Broadway - 7Av,145 St,M,1,Subway,40.826551,-73.95036
437,437,302,145 ST,IRT,Lenox - White Plains Rd,145 St,M,3,Subway,40.820421,-73.936245
390,603,415,149 ST-GR CONC,IRT,Jerome Av,149 St-Grand Concourse,Bx,4,Subway,40.818375,-73.927351
435,603,222,149/GRAND CONC,IRT,Lenox - White Plains Rd,149 St-Grand Concourse,Bx,2 5,Subway,40.81841,-73.92671800000001
241,241,F25,15 ST-PROSPECT,IND,6th Av - Culver,15 St-Prospect Park,Bk,F G,Subway,40.660365000000006,-73.979493
150,150,A11,155 ST,IND,8th Av - Fulton St,155 St,M,C,Subway,40.830518,-73.941514
220,220,D12,155 ST,IND,Concourse,155 St,M,B D,Subway,40.830135,-73.938209
303,303,113,157 ST,IRT,Broadway - 7Av,157 St,M,1,Subway,40.834041,-73.94489
219,604,D11,161 ST-YANKEE,IND,Concourse,161 St-Yankee Stadium,Bx,B D,Subway,40.827905,-73.925651
389,604,414,161/YANKEE STAD,IRT,Jerome Av,161 St-Yankee Stadium,Bx,4,Elevated,40.827994,-73.925831
149,149,A10,163 ST-AMSTERDM,IND,8th Av - Fulton St,163 St-Amsterdam Av,M,C,Subway,40.836013,-73.939892
218,218,D10,167 ST,IND,Concourse,167 St,Bx,B D,Subway,40.833771,-73.91844
388,388,413,167 ST,IRT,Jerome Av,167 St,Bx,4,Elevated,40.835537,-73.9214
148,605,A09,174 ST,IND,8th Av - Fulton St,168 St,M,A C,Subway,40.840719,-73.939561
302,605,112,174-175 STS,IRT,Broadway - 7Av,168 St-Washington Hts,M,1,Subway,40.840556,-73.94013299999999
255,255,F02,169 ST,IND,Queens Blvd,169 St,Q,F,Subway,40.71047,-73.793604
217,217,D09,170 ST,IND,Concourse,170 St,Bx,B D,Subway,40.839306,-73.9134
387,387,412,170 ST,IRT,Jerome Av,170 St,Bx,4,Elevated,40.840075,-73.91779100000001
216,216,D08,174-175 ST,IND,Concourse,174-175 Sts,Bx,B D,Subway,40.8459,-73.910136
216,216,D08,174-175 STS,IND,Concourse,174-175 Sts,Bx,B D,Subway,40.8459,-73.910136
428,428,215,174 ST,IRT,Lenox - White Plains Rd,174 St,Bx,2 5,Elevated,40.837288,-73.887734
147,147,A07,175 ST,IND,8th Av - Fulton St,175 St,M,A,Subway,40.847390999999995,-73.939704
385,385,410,176 ST,IRT,Jerome Av,176 St,Bx,4,Elevated,40.84848,-73.911794
66,66,B19,18 AV,BMT,West End,18 Av,Bk,D,Elevated,40.607954,-74.001736
74,74,N05,18 AVE,BMT,Sea Beach,18 Av,Bk,N,Open Cut,40.620671,-73.990414
245,245,F30,18 AVE,IND,6th Av - Culver,18 Av,Bk,F,Elevated,40.629754999999996,-73.97697099999999
321,321,131,18 ST,IRT,Broadway - 7Av,18 St,M,1,Subway,40.741040000000005,-73.99787099999999
146,146,A06,181 ST,IND,8th Av - Fulton St,181 St,M,A,Subway,40.851695,-73.937969
301,301,111,181 ST,IRT,Broadway - 7Av,181 St,M,1,Subway,40.849505,-73.933596
214,214,D06,182-183 ST,IND,Concourse,182-183 Sts,Bx,B D,Subway,40.856093,-73.900741
214,214,D06,182-183 STS,IND,Concourse,182-183 Sts,Bx,B D,Subway,40.856093,-73.900741
383,383,408,183 ST,IRT,Jerome Av,183 St,Bx,4,Elevated,40.858407,-73.903879
145,145,A05,190 ST,IND,8th Av - Fulton St,190 St,M,A,Subway,40.859021999999996,-73.93418
300,300,110,191 ST,IRT,Broadway - 7Av,191 St,M,1,Subway,40.855225,-73.929412
232,232,F14,2 AV,IND,6th Av - Culver,2 Av,M,F,Subway,40.723402,-73.989938
232,232,F14,2 AVE,IND,6th Av - Culver,2 Av,M,F,Subway,40.723402,-73.989938
67,67,B20,20 AV,BMT,West End,20 Av,Bk,D,Elevated,40.604556,-73.998168
75,75,N06,20 AVE,BMT,Sea Beach,20 Av,Bk,N,Open Cut,40.61741,-73.985026
298,298,108,207 ST,IRT,Broadway - 7Av,207 St,M,1,Elevated,40.864621,-73.91882199999999
282,282,G24,21 ST,IND,Crosstown,21 St,Q,G,Subway,40.744065,-73.949724
221,221,B04,21 ST-QNSBRIDGE,IND,63rd St,21 St-Queensbridge,Q,F,Subway,40.754203000000004,-73.942836
297,297,107,215 ST,IRT,Broadway - 7Av,215 St,M,1,Elevated,40.869444,-73.915279
420,420,207,219 ST,IRT,Lenox - White Plains Rd,219 St,Bx,2 5,Elevated,40.883895,-73.862633
419,419,206,225 ST,IRT,Lenox - White Plains Rd,225 St,Bx,2 5,Elevated,40.888022,-73.860341
14,14,R19,23 ST-5 AVE,BMT,Broadway - Brighton,23 St,M,R W,Subway,40.741303,-73.98934399999999
165,165,A30,23 ST,IND,8th Av - Fulton St,23 St,M,C E,Subway,40.745906,-73.998041
228,228,D18,23 ST-6 AVE,IND,6th Av - Culver,23 St,M,F M,Subway,40.742878000000005,-73.99282099999999
320,320,130,23 ST,IRT,Broadway - 7Av,23 St,M,1,Subway,40.744081,-73.995657
405,405,634,23 ST,IRT,Lexington Av,23 St,M,6,Subway,40.739864000000004,-73.986599
295,295,104,231 ST,IRT,Broadway - 7Av,231 St,Bx,1,Elevated,40.878856,-73.904834
418,418,205,233 ST,IRT,Lenox - White Plains Rd,233 St,Bx,2 5,Elevated,40.893193,-73.857473
294,294,103,238 ST,IRT,Broadway - 7Av,238 St,Bx,1,Elevated,40.884667,-73.90087
69,69,B22,25 AV,BMT,West End,25 Av,Bk,D,Elevated,40.597704,-73.986829
31,31,R35,25 AVE,BMT,4th Av,25 St,Bk,R,Subway,40.660396999999996,-73.998091
13,13,R18,28 ST-BROADWAY,BMT,Broadway - Brighton,28 St,M,R W,Subway,40.745494,-73.988691
319,319,129,28 ST,IRT,Broadway - 7Av,28 St,M,1,Subway,40.747215000000004,-73.993365
404,404,633,28 ST,IRT,Lexington Av,28 St,M,6,Subway,40.74307,-73.984264
118,118,L05,3 AV,BMT,Canarsie,3 Av,M,L,Subway,40.732849,-73.986122
118,118,L05,3 AVE,BMT,Canarsie,3 Av,M,L,Subway,40.732849,-73.986122
377,377,619,3 AV 138 ST,IRT,Pelham,3 Av-138 St,Bx,6,Subway,40.810476,-73.926138
434,434,221,3 AV-149 ST,IRT,Lenox - White Plains Rd,3 Av-149 St,Bx,2 5,Subway,40.816109000000004,-73.917757
3,3,R04,30 AV,BMT,Astoria,30 Av,Q,N W,Elevated,40.766779,-73.921479
403,403,632,33 ST,IRT,Lexington Av,33 St,M,6,Subway,40.746081,-73.982076
460,460,716,33 ST-RAWSON ST,IRT,Flushing,33 St-Rawson St,Q,7,Elevated,40.744587,-73.93099699999999
460,460,716,33 ST/RAWSON ST,IRT,Flushing,33 St-Rawson St,Q,7,Elevated,40.744587,-73.93099699999999
12,607,R17,34 ST-HERALD SQ,BMT,Broadway - Brighton,34 St-Herald Sq,M,N Q R W,Subway,40.749567,-73.98795
227,607,D17,34 ST-HERALD SQ,IND,6th Av - Culver,34 St-Herald Sq,M,B D F M,Subway,40.749719,-73.98782299999999
471,471,726,34 ST-HUDSON YD,IRT,Flushing,34 St-Hudson Yards,M,7,Subway,40.755882,-74.00191
164,164,A28,34 ST-PENN STA,IND,8th Av - Fulton St,34 St-Penn Station,M,A C E,Subway,40.752287,-73.993391
318,318,128,34 ST-PENN STA,IRT,Broadway - 7Av,34 St-Penn Station,M,1 2 3,Subway,40.750372999999996,-73.991057
5,5,R06,36 AV,BMT,Astoria,36 Av,Q,N W,Elevated,40.756803999999995,-73.929575
32,32,R36,36 ST,BMT,4th Av,36 St,Bk,D N R,Subway,40.655144,-74.00354899999999
272,272,G20,36 ST,IND,Queens Blvd,36 St,Q,M R,Subway,40.752039,-73.928781
6,6,R08,39 AV,BMT,Astoria,39 Av-Dutch Kills,Q,N W,Elevated,40.752882,-73.932755
6,6,R08,BEEBE-39 AVE,BMT,Astoria,39 Av-Dutch Kills,Q,N W,Elevated,40.752882,-73.932755
29,608,R33,4 AV-9 ST,BMT,4th Av,4 Av-9 St,Bk,R,Subway,40.670846999999995,-73.988302
239,608,F23,4 AV-9 ST,IND,6th Av - Culver,4 Av-9 St,Bk,F G,Viaduct,40.670272,-73.989779
459,459,715,40 ST LOWERY ST,IRT,Flushing,40 St-Lowery St,Q,7,Elevated,40.743781,-73.92401600000001
459,459,715,40 ST-LOWERY ST,IRT,Flushing,40 St-Lowery St,Q,7,Elevated,40.743781,-73.92401600000001
226,609,D16,42 ST-BRYANT PK,IND,6th Av - Culver,42 St-Bryant Pk,M,B D F M,Subway,40.754222,-73.984569
163,611,A27,42 ST-PA BUS TE,IND,8th Av - Fulton St,42 St-Port Authority Bus Terminal,M,A C E,Subway,40.757308,-73.989735
163,611,A27,42 ST-PORT AUTH,IND,8th Av - Fulton St,42 St-Port Authority Bus Terminal,M,A C E,Subway,40.757308,-73.989735
33,33,R39,45 ST,BMT,4th Av,45 St,Bk,R,Subway,40.648939,-74.010006
270,270,G18,46 ST,IND,Queens Blvd,46 St,Q,M R,Subway,40.756312,-73.913333
458,458,714,46 ST BLISS ST,IRT,Flushing,46 St-Bliss St,Q,7,Elevated,40.743132,-73.918435
458,458,714,46 ST-BLISS ST,IRT,Flushing,46 St-Bliss St,Q,7,Elevated,40.743132,-73.918435
225,225,D15,47-50 ST-ROCK,IND,6th Av - Culver,47-50 Sts-Rockefeller Ctr,M,B D F M,Subway,40.758663,-73.981329
225,225,D15,47-50 STS ROCK,IND,6th Av - Culver,47-50 Sts-Rockefeller Ctr,M,B D F M,Subway,40.758663,-73.981329
10,10,R15,49 ST,BMT,Broadway - Brighton,49 St,M,N R W,Subway,40.759901,-73.984139
466,609,724,5 AVE,IRT,Flushing,5 Av,M,7,Subway,40.753821,-73.98196300000001
276,276,F12,5 AV/53 ST,IND,Queens Blvd,5 Av/53 St,M,E M,Subway,40.760166999999996,-73.975224
276,276,F12,5 AVE-53 ST,IND,Queens Blvd,5 Av/53 St,M,E M,Subway,40.760166999999996,-73.975224
8,8,R13,5 AV/59 ST,BMT,Astoria,5 Av/59 St,M,N W R,Subway,40.764811,-73.973347
8,8,R13,5 AVE-59 ST,BMT,Astoria,5 Av/59 St,M,N W R,Subway,40.764811,-73.973347
61,61,B14,50 ST,BMT,West End,50 St,Bk,D,Elevated,40.63626,-73.994791
162,162,A25,50 ST,IND,8th Av - Fulton St,50 St,M,C E,Subway,40.762456,-73.985984
316,316,126,50 ST,IRT,Broadway - 7Av,50 St,M,1,Subway,40.761728000000005,-73.98384899999999
401,612,630,51 ST,IRT,Lexington Av,51 St,M,6,Subway,40.757107,-73.97192
457,457,713,52 ST,IRT,Flushing,52 St,Q,7,Elevated,40.744149,-73.912549
457,457,713,52 ST-LINCOLN,IRT,Flushing,52 St,Q,7,Elevated,40.744149,-73.912549
34,34,R40,53 ST,BMT,4th Av,53 St,Bk,R,Subway,40.645069,-74.014034
62,62,B15,55 ST,BMT,West End,55 St,Bk,D,Elevated,40.631434999999996,-73.995476
224,224,B10,57 ST,IND,6th Av - Culver,57 St,M,F,Subway,40.763971999999995,-73.97745
9,9,R14,57 ST-7 AV,BMT,Broadway - Brighton,57 St-7 Av,M,N Q R W,Subway,40.764664,-73.98065799999999
9,9,R14,57 ST-7 AVE,BMT,Broadway - Brighton,57 St-7 Av,M,N Q R W,Subway,40.764664,-73.98065799999999
35,35,R41,59 ST,BMT,4th Av,59 St,Bk,N R,Subway,40.641362,-74.017881
400,613,629,59 ST,IRT,Lexington Av,59 St,M,4 5 6,Subway,40.762526,-73.967967
161,614,A24,59 ST COLUMBUS,IND,8th Av - Fulton St,59 St-Columbus Circle,M,A B C D,Subway,40.768296,-73.981736
315,614,125,59 ST-COLUMBUS,IRT,Broadway - 7Av,59 St-Columbus Circle,M,1,Subway,40.768246999999995,-73.98192900000001
116,601,L02,6 AV,BMT,Canarsie,6 Av,M,L,Subway,40.737334999999995,-73.996786
116,601,L02,6 AVE,BMT,Canarsie,6 Av,M,L,Subway,40.737334999999995,-73.996786
63,615,B16,NEW UTRECHT AVE,BMT,West End,62 St,Bk,D,Elevated,40.626472,-73.996895
263,263,G10,63 DR-REGO PARK,IND,Queens Blvd,63 Dr-Rego Park,Q,M R,Subway,40.729846,-73.861604
268,268,G15,65 ST,IND,Queens Blvd,65 St,Q,M R,Subway,40.749669,-73.898453
314,314,124,66 ST-LINCOLN,IRT,Broadway - 7Av,66 St-Lincoln Center,M,1,Subway,40.77344,-73.982209
262,262,G09,67 AV,IND,Queens Blvd,67 Av,Q,M R,Subway,40.726523,-73.852719
262,262,G09,67 AVE,IND,Queens Blvd,67 Av,Q,M R,Subway,40.726523,-73.852719
399,399,628,68ST-HUNTER CO,IRT,Lexington Av,68 St-Hunter College,M,6,Subway,40.768141,-73.96387
399,399,628,68ST-HUNTER COL,IRT,Lexington Av,68 St-Hunter College,M,6,Subway,40.768141,-73.96387
455,455,711,69 ST,IRT,Flushing,69 St,Q,7,Elevated,40.746325,-73.896403
455,455,711,69 ST-FISK AVE,IRT,Flushing,69 St,Q,7,Elevated,40.746325,-73.896403
41,41,D25,7 AV-PARK SLOPE,BMT,Broadway - Brighton,7 Av,Bk,B Q,Subway,40.67705,-73.972367
240,240,F24,7 AV,IND,6th Av - Culver,7 Av,Bk,F G,Subway,40.666271,-73.980305
277,277,D14,7 AVE,IND,Queens Blvd,7 Av,M,B D E,Subway,40.762862,-73.981637
64,64,B17,71 ST,BMT,West End,71 St,Bk,D,Elevated,40.619589000000005,-73.998864
160,160,A22,72 ST,IND,8th Av - Fulton St,72 St,M,B C,Subway,40.775594,-73.97641
313,313,123,72 ST,IRT,Broadway - 7Av,72 St,M,1 2 3,Subway,40.778453000000006,-73.98196999999999
477,477,Q03,72 ST-2 AVE,IND,Second Av,72 St,M,Q,Subway,40.768799,-73.958424
454,616,710,74 ST-BROADWAY,IRT,Flushing,74 St-Broadway,Q,7,Elevated,40.746848,-73.89139399999999
260,260,F07,75 AV,IND,Queens Blvd,75 Av,Q,E F,Subway,40.718331,-73.837324
260,260,F07,75 AVE,IND,Queens Blvd,75 Av,Q,E F,Subway,40.718331,-73.837324
85,85,J17,75 ST-ELDERTS,BMT,Jamaica,75 St-Elderts Ln,Q,J Z,Elevated,40.691324,-73.867139
37,37,R43,77 ST,BMT,4th Av,77 St,Bk,R,Subway,40.629742,-74.02551
398,398,627,77 ST,IRT,Lexington Av,77 St,M,6,Subway,40.77362,-73.959874
65,65,B18,79 ST,BMT,West End,79 St,Bk,D,Elevated,40.613501,-74.00061
312,312,122,79 ST,IRT,Broadway - 7Av,79 St,M,1,Subway,40.783934,-73.979917
71,71,N02,8 AV,BMT,Sea Beach,8 Av,Bk,N,Open Cut,40.635064,-74.011719
115,618,L01,8 AVE,BMT,Canarsie,8 Av,M,L,Subway,40.739777000000004,-74.002578
16,16,R21,8 ST-NYU,BMT,Broadway - Brighton,8 St-NYU,M,R W,Subway,40.730328,-73.99262900000001
190,190,A59,80 ST,IND,Liberty Av,80 St,Q,A,Elevated,40.679371,-73.858992
159,159,A21,81 ST-MUSEUM,IND,8th Av - Fulton St,81 St-Museum of Natural History,M,B C,Subway,40.781433,-73.972143
453,453,709,82 ST-JACKSON H,IRT,Flushing,82 St-Jackson Hts,Q,7,Elevated,40.747659000000006,-73.883697
84,84,J16,85 ST-FOREST PK,BMT,Jamaica,85 St-Forest Pkwy,Q,J,Elevated,40.692434999999996,-73.86001
38,38,R44,86 ST,BMT,4th Av,86 St,Bk,R,Subway,40.622687,-74.028398
79,79,N10,86 ST,BMT,Sea Beach,86 St,Bk,N,Open Cut,40.592721000000004,-73.97823000000001
158,158,A20,86 ST,IND,8th Av - Fulton St,86 St,M,B C,Subway,40.785868,-73.96891600000001
311,311,121,86 ST,IRT,Broadway - 7Av,86 St,M,1,Subway,40.788644,-73.976218
397,397,626,86 ST,IRT,Lexington Av,86 St,M,4 5 6,Subway,40.779492,-73.955589
476,476,Q04,86 ST-2 AVE,IND,Second Av,86 St,M,Q,Subway,40.777891,-73.951787
191,191,A60,88 ST,IND,Liberty Av,88 St,Q,A,Elevated,40.679843,-73.85146999999999
59,59,B12,9 AV,BMT,West End,9 Av,Bk,D,Open Cut,40.646291999999995,-73.994324
59,59,B12,9 AVE,BMT,West End,9 Av,Bk,D,Open Cut,40.646291999999995,-73.994324
452,452,708,90 ST-ELMHURST,IRT,Flushing,90 St-Elmhurst Av,Q,7,Elevated,40.748408000000005,-73.876613
157,157,A19,96 ST,IND,8th Av - Fulton St,96 St,M,B C,Subway,40.791641999999996,-73.96469599999999
310,310,120,96 ST,IRT,Broadway - 7Av,96 St,M,1 2 3,Subway,40.793919,-73.972323
396,396,625,96 ST,IRT,Lexington Av,96 St,M,6,Subway,40.785672,-73.95107
475,475,Q05,96 ST-2 AVE,IND,Second Av,96 St,M,Q,Subway,40.784318,-73.947152
91,91,J24,ALABAMA AV,BMT,Jamaica,Alabama Av,Bk,J,Elevated,40.676992,-73.89865400000001
91,91,J24,ALABAMA AVE,BMT,Jamaica,Alabama Av,Bk,J,Elevated,40.676992,-73.89865400000001
423,423,210,ALLERTON AV,IRT,Lenox - White Plains Rd,Allerton Av,Bx,2 5,Elevated,40.865462,-73.867352
423,423,210,ALLERTON AVE,IRT,Lenox - White Plains Rd,Allerton Av,Bx,2 5,Elevated,40.865462,-73.867352
196,196,H01,AQUEDUCT RACETR,IND,Rockaway,Aqueduct Racetrack,Q,A,At Grade,40.672096999999994,-73.83591899999999
196,196,H01,AQUEDUCT TRACK,IND,Rockaway,Aqueduct Racetrack,Q,A,At Grade,40.672096999999994,-73.83591899999999
197,197,H02,AQUEDUCT N.COND,IND,Rockaway,Aqueduct-N Conduit Av,Q,A,At Grade,40.668234000000005,-73.834058
197,197,H02,AQUEDUCT-N CNDT,IND,Rockaway,Aqueduct-N Conduit Av,Q,A,At Grade,40.668234000000005,-73.834058
407,407,636,ASTOR PL,IRT,Lexington Av,Astor Pl,M,6,Subway,40.730053999999996,-73.99107
407,407,636,ASTOR PLACE,IRT,Lexington Av,Astor Pl,M,6,Subway,40.730053999999996,-73.99107
2,2,R03,ASTORIA BLVD,BMT,Astoria,Astoria Blvd,Q,N W,Elevated,40.770258,-73.917843
1,1,R01,ASTORIA DITMARS,BMT,Astoria,Astoria-Ditmars Blvd,Q,N W,Elevated,40.775036,-73.91203399999999
133,133,L24,ATLANTIC AV,BMT,Canarsie,Atlantic Av,Bk,L,Elevated,40.675345,-73.903097
133,133,L24,ATLANTIC AVE,BMT,Canarsie,Atlantic Av,Bk,L,Elevated,40.675345,-73.903097
27,617,R31,ATL AV-BARCLAY,BMT,4th Av,Atlantic Av-Barclays Ctr,Bk,D N R,Subway,40.683665999999995,-73.97881
27,617,R31,BARCLAYS CENTER,BMT,4th Av,Atlantic Av-Barclays Ctr,Bk,D N R,Subway,40.683665999999995,-73.97881
40,617,D24,ATL AV-BARCLAY,BMT,Broadway - Brighton,Atlantic Av-Barclays Ctr,Bk,B Q,Subway,40.684459999999994,-73.97689
40,617,D24,BARCLAYS CENTER,BMT,Broadway - Brighton,Atlantic Av-Barclays Ctr,Bk,B Q,Subway,40.684459999999994,-73.97689
338,617,235,ATL AV-BARCLAY,IRT,Eastern Pky,Atlantic Av-Barclays Ctr,Bk,2 3 4 5,Subway,40.684359,-73.977666
338,617,235,BARCLAYS CENTER,IRT,Eastern Pky,Atlantic Av-Barclays Ctr,Bk,2 3 4 5,Subway,40.684359,-73.977666
48,48,D32,AVE H,BMT,Broadway - Brighton,Avenue H,Bk,Q,Open Cut,40.62927,-73.961639
48,48,D32,AVENUE H,BMT,Broadway - Brighton,Avenue H,Bk,Q,Open Cut,40.62927,-73.961639
246,246,F31,AVE I,IND,6th Av - Culver,Avenue I,Bk,F,Elevated,40.625322,-73.976127
246,246,F31,AVENUE I,IND,6th Av - Culver,Avenue I,Bk,F,Elevated,40.625322,-73.976127
49,49,D33,AVE J,BMT,Broadway - Brighton,Avenue J,Bk,Q,Open Cut,40.625039,-73.960803
49,49,D33,AVENUE J,BMT,Broadway - Brighton,Avenue J,Bk,Q,Open Cut,40.625039,-73.960803
50,50,D34,AVE M,BMT,Broadway - Brighton,Avenue M,Bk,Q,Open Cut,40.617618,-73.959399
50,50,D34,AVENUE M,BMT,Broadway - Brighton,Avenue M,Bk,Q,Open Cut,40.617618,-73.959399
248,248,F33,AVE N,IND,6th Av - Culver,Avenue N,Bk,F,Elevated,40.615140000000004,-73.974197
248,248,F33,AVENUE N,IND,6th Av - Culver,Avenue N,Bk,F,Elevated,40.615140000000004,-73.974197
249,249,F34,AVE P,IND,6th Av - Culver,Avenue P,Bk,F,Elevated,40.608944,-73.973022
249,249,F34,AVENUE P,IND,6th Av - Culver,Avenue P,Bk,F,Elevated,40.608944,-73.973022
52,52,D37,AVE U,BMT,Broadway - Brighton,Avenue U,Bk,Q,Open Cut,40.5993,-73.955929
52,52,D37,AVENUE U,BMT,Broadway - Brighton,Avenue U,Bk,Q,Open Cut,40.5993,-73.955929
78,78,N09,AVE U,BMT,Sea Beach,Avenue U,Bk,N,Open Cut,40.597473,-73.979137
78,78,N09,AVENUE U,BMT,Sea Beach,Avenue U,Bk,N,Open Cut,40.597473,-73.979137
251,251,F36,AVE U,IND,6th Av - Culver,Avenue U,Bk,F,Elevated,40.596063,-73.973357
251,251,F36,AVENUE U,IND,6th Av - Culver,Avenue U,Bk,F,Elevated,40.596063,-73.973357
252,252,F38,AVE X,IND,6th Av - Culver,Avenue X,Bk,F,Elevated,40.589620000000004,-73.97425
252,252,F38,AVENUE X,IND,6th Av - Culver,Avenue X,Bk,F,Elevated,40.589620000000004,-73.97425
70,70,B23,BAY PKY-22 AVE,BMT,West End,Bay 50 St,Bk,D,Elevated,40.588840999999995,-73.983765
68,68,B21,BAY PKY-22 AVE,BMT,West End,Bay Pkwy,Bk,D,Elevated,40.601875,-73.993728
76,76,N07,BAY PARKWAY,BMT,Sea Beach,Bay Pkwy,Bk,N,Open Cut,40.611815,-73.981848
247,247,F32,BAY PKWY,IND,6th Av - Culver,Bay Pkwy,Bk,F,Elevated,40.620769,-73.975264
36,36,R42,BAY RIDGE AV,BMT,4th Av,Bay Ridge Av,Bk,R,Subway,40.634966999999996,-74.023377
36,36,R42,BAY RIDGE AVE,BMT,4th Av,Bay Ridge Av,Bk,R,Subway,40.634966999999996,-74.023377
39,39,R45,BAY RIDGE-95 ST,BMT,4th Av,Bay Ridge-95 St,Bk,R,Subway,40.616622,-74.030876
443,443,502,BAYCHESTER AV,IRT,Dyre Av,Baychester Av,Bx,5,Open Cut,40.878663,-73.83859100000001
443,443,502,BAYCHESTER AVE,IRT,Dyre Av,Baychester Av,Bx,5,Open Cut,40.878663,-73.83859100000001
202,202,H14,BEACH 105 ST,IND,Rockaway,Beach 105 St,Q,A S,Viaduct,40.583209000000004,-73.827559
208,208,H10,BEACH 25 ST,IND,Rockaway,Beach 25 St,Q,A,Viaduct,40.600066,-73.761353
207,207,H09,BEACH 36 ST,IND,Rockaway,Beach 36 St,Q,A,Viaduct,40.595397999999996,-73.768175
206,206,H08,BEACH 44 ST,IND,Rockaway,Beach 44 St,Q,A,Viaduct,40.592943,-73.776013
205,205,H07,BEACH 60 ST,IND,Rockaway,Beach 60 St,Q,A,Viaduct,40.592374,-73.788522
204,204,H06,BEACH 67 ST,IND,Rockaway,Beach 67 St,Q,A,Viaduct,40.590927,-73.796924
200,200,H12,BEACH 90 ST,IND,Rockaway,Beach 90 St,Q,A S,Viaduct,40.588034,-73.813641
201,201,H13,BEACH 98 ST,IND,Rockaway,Beach 98 St,Q,A S,Viaduct,40.585307,-73.82055799999999
120,120,L08,BEDFORD AV,BMT,Canarsie,Bedford Av,Bk,L,Subway,40.717304,-73.956872
120,120,L08,BEDFORD AVE,BMT,Canarsie,Bedford Av,Bk,L,Subway,40.717304,-73.956872
211,211,D03,BEDFORD PARK BL,IND,Concourse,Bedford Park Blvd,Bx,B D,Subway,40.873244,-73.88713800000001
380,380,405,BEDFORD PK BLVD,IRT,Jerome Av,Bedford Park Blvd-Lehman College,Bx,4,Elevated,40.873412,-73.890064
289,289,G33,BEDFORD-NOSTRAN,IND,Crosstown,Bedford-Nostrand Avs,Bk,G,Subway,40.689627,-73.95352199999999
289,289,G33,BEDFORD/NOSTRAN,IND,Crosstown,Bedford-Nostrand Avs,Bk,G,Subway,40.689627,-73.95352199999999
236,236,F20,BERGEN ST,IND,6th Av - Culver,Bergen St,Bk,F G,Subway,40.686145,-73.99086199999999
339,339,236,BERGEN ST,IRT,Eastern Pky,Bergen St,Bk,2 3,Subway,40.680828999999996,-73.975098
45,45,D29,BEVERLEY ROAD,BMT,Broadway - Brighton,Beverley Rd,Bk,Q,Open Cut,40.644031,-73.964492
45,45,D29,BEVERLY RD,BMT,Broadway - Brighton,Beverley Rd,Bk,Q,Open Cut,40.644031,-73.964492
45,45,D29,BEVERLY ROAD,BMT,Broadway - Brighton,Beverley Rd,Bk,Q,Open Cut,40.644031,-73.964492
357,357,245,BEVERLEY ROAD,IRT,Nostrand,Beverly Rd,Bk,2 5,Subway,40.645098,-73.948959
357,357,245,BEVERLY RD,IRT,Nostrand,Beverly Rd,Bk,2 5,Subway,40.645098,-73.948959
357,357,245,BEVERLY ROAD,IRT,Nostrand,Beverly Rd,Bk,2 5,Subway,40.645098,-73.948959
408,619,637,BLEECKER ST,IRT,Lexington Av,Bleecker St,M,6,Subway,40.725915,-73.994659
335,620,232,BOROUGH HALL,IRT,Clark St,Borough Hall,Bk,2 3,Subway,40.693219,-73.989998
415,620,423,BOROUGH HALL/CT,IRT,Eastern Pky,Borough Hall,Bk,4 5,Subway,40.692403999999996,-73.990151
142,626,S04,BOTANIC GARDEN,BMT,Franklin Shuttle,Botanic Garden,Bk,S,Open Cut,40.670343,-73.959245
103,103,M19,BOWERY,BMT,Jamaica,Bowery,M,J Z,Subway,40.720279999999995,-73.993915
414,414,420,BOWLING GREEN,IRT,Lexington Av,Bowling Green,M,4 5,Subway,40.704817,-74.014065
258,258,F05,BRIARWOOD,IND,Queens Blvd,Briarwood,Q,E F,Subway,40.709179,-73.820574
55,55,D40,BRIGHTON BEACH,BMT,Broadway - Brighton,Brighton Beach,Bk,B Q,Elevated,40.577621,-73.961376
199,199,H04,BROAD CHANNEL,IND,Rockaway,Broad Channel,Q,A S,At Grade,40.608382,-73.815925
107,107,M23,BROAD ST,BMT,Jamaica,Broad St,M,J Z,Subway,40.706476,-74.01105600000001
4,4,R05,BROADWAY,BMT,Astoria,Broadway,Q,N W,Elevated,40.76182,-73.925508
286,286,G30,BROADWAY,IND,Crosstown,Broadway,Bk,G,Subway,40.706092,-73.95030799999999
92,621,J27,BROADWAY JCT,BMT,Jamaica,Broadway Junction,Bk,J Z,Elevated,40.679497999999995,-73.904512
132,621,L22,BROADWAY JCT,BMT,Canarsie,Broadway Junction,Bk,L,Elevated,40.678856,-73.90324
184,621,A51,BROADWAY JCT,IND,8th Av - Fulton St,Broadway Junction,Bk,A C,Subway,40.678334,-73.905316
230,619,D21,BROADWAY/LAFAY,IND,6th Av - Culver,Broadway-Lafayette St,M,B D F M,Subway,40.725297,-73.996204
425,425,212,BRONX PARK EAST,IRT,Lenox - White Plains Rd,Bronx Park East,Bx,2 5,Elevated,40.848828000000005,-73.86845699999999
376,376,618,BROOK AV,IRT,Pelham,Brook Av,Bx,6,Subway,40.807565999999994,-73.91924
376,376,618,BROOK AVE,IRT,Pelham,Brook Av,Bx,6,Subway,40.807565999999994,-73.91924
411,622,640,BROOKLYN BRIDGE,IRT,Lexington Av,Brooklyn Bridge-City Hall,M,4 5 6,Subway,40.713065,-74.004131
361,361,602,BUHRE AV,IRT,Pelham,Buhre Av,Bx,6,Elevated,40.84681,-73.83256899999999
422,422,209,BUHRE AVE,IRT,Lenox - White Plains Rd,Burke Av,Bx,2 5,Elevated,40.871356,-73.867164
384,384,409,BURNSIDE AV,IRT,Jerome Av,Burnside Av,Bx,4,Elevated,40.853453,-73.907684
384,384,409,BURNSIDE AVE,IRT,Jerome Av,Burnside Av,Bx,4,Elevated,40.853453,-73.907684
131,131,L21,BUSHWICK AV,BMT,Canarsie,Bushwick Av-Aberdeen St,Bk,L,Subway,40.682829,-73.905249
131,131,L21,BUSHWICK AVE,BMT,Canarsie,Bushwick Av-Aberdeen St,Bk,L,Subway,40.682829,-73.905249
18,623,R23,CANAL ST,BMT,Broadway,Canal St,M,R W,Subway,40.719527,-74.001775
19,623,Q01,CANAL ST,BMT,Manhattan Bridge,Canal St,M,N Q,Subway,40.718383,-74.00046
104,623,M20,CANAL ST,BMT,Jamaica,Canal St,M,J Z,Subway,40.718092,-73.999892
169,169,A34,CANAL ST,IND,8th Av - Fulton St,Canal St,M,A C E,Subway,40.720824,-74.005229
325,325,135,CANAL ST,IRT,Broadway - 7Av,Canal St,M,1,Subway,40.722854,-74.006277
410,623,639,CANAL ST,IRT,Lexington Av,Canal St,M,6,Subway,40.718803,-74.00019300000001
138,138,L29,CANARSIE-ROCKAW,BMT,Canarsie,Canarsie-Rockaway Pkwy,Bk,L,At Grade,40.646654,-73.90185
237,237,F21,CARROLL ST,IND,6th Av - Culver,Carroll St,Bk,F G,Subway,40.680303,-73.995048
365,365,607,CASTLE HILL AVE,IRT,Pelham,Castle Hill Av,Bx,6,Elevated,40.834255,-73.85122199999999
365,365,607,CASTLE HILL AV,IRT,Pelham,Castle Hill Av,Bx,6,Elevated,40.834255,-73.85122199999999
155,155,A17,CATHEDRL-110 ST,IND,8th Av - Fulton St,Cathedral Pkwy (110 St),M,B C,Subway,40.800603,-73.958161
155,155,A17,CATHEDRAL PKWY,IND,8th Av - Fulton St,Cathedral Pkwy (110 St),M,B C,Subway,40.800603,-73.958161
308,308,118,CATHEDRL-110 ST,IRT,Broadway - 7Av,Cathedral Pkwy (110 St),M,1,Subway,40.803967,-73.966847
308,308,118,CATHEDRAL PKWY,IRT,Broadway - 7Av,Cathedral Pkwy (110 St),M,1,Subway,40.803967,-73.966847
114,114,M10,CENTRAL AVE,BMT,Myrtle Av,Central Av,Bk,M,Elevated,40.697857,-73.927397
114,114,M10,CENTRAL AV,BMT,Myrtle Av,Central Av,Bk,M,Elevated,40.697857,-73.927397
441,441,227,CENTRAL PK N110,IRT,Lenox - White Plains Rd,Central Park North (110 St),M,2 3,Subway,40.799075,-73.95182199999999
105,622,M21,CHAMBERS ST,BMT,Jamaica,Chambers St,M,J Z,Subway,40.713243,-74.003401
170,624,A36,CHAMBERS ST,IND,8th Av - Fulton St,Chambers St,M,A C,Subway,40.714110999999995,-74.008585
327,327,137,CHAMBERS ST,IRT,Broadway - 7Av,Chambers St,M,1 2 3,Subway,40.715478000000004,-74.009266
93,93,J28,CHAUNCEY ST,BMT,Jamaica,Chauncey St,Bk,J Z,Elevated,40.682893,-73.91045600000001
323,323,133,CHRISTOPHER ST,IRT,Broadway - 7Av,Christopher St-Sheridan Sq,M,1,Subway,40.733422,-74.00290600000001
44,44,D28,CHURCH AVE,BMT,Broadway - Brighton,Church Av,Bk,B Q,Open Cut,40.650527000000004,-73.962982
44,44,D28,CHURCH AV,BMT,Broadway - Brighton,Church Av,Bk,B Q,Open Cut,40.650527000000004,-73.962982
243,243,F27,CHURCH AVE,IND,6th Av - Culver,Church Av,Bk,F G,Subway,40.644040999999994,-73.979678
243,243,F27,CHURCH AV,IND,6th Av - Culver,Church Av,Bk,F G,Subway,40.644040999999994,-73.979678
356,356,244,CHURCH AVE,IRT,Nostrand,Church Av,Bk,2 5,Subway,40.650843,-73.949575
356,356,244,CHURCH AV,IRT,Nostrand,Church Av,Bk,2 5,Subway,40.650843,-73.949575
20,20,R24,CITY HALL,BMT,Broadway,City Hall,M,R W,Subway,40.713282,-74.006978
334,334,231,CLARK ST,IRT,Clark St,Clark St,Bk,2 3,Subway,40.697466,-73.993086
290,290,G34,CLASSON AVE,IND,Crosstown,Classon Av,Bk,G,Subway,40.688873,-73.96007
290,290,G34,CLASSON AV,IND,Crosstown,Classon Av,Bk,G,Subway,40.688873,-73.96007
89,89,J22,CLEVELAND ST,BMT,Jamaica,Cleveland St,Bk,J,Elevated,40.679947,-73.884639
177,177,A44,CLINTON-WASH AV,IND,8th Av - Fulton St,Clinton-Washington Avs,Bk,C,Subway,40.683263000000004,-73.965838
291,291,G35,CLINTON-WASH AV,IND,Crosstown,Clinton-Washington Avs,Bk,G,Subway,40.688089,-73.96683900000001
58,58,D43,CONEY IS-STILLW,BMT,Sea Beach / West End / Culver / Brighton,Coney Island-Stillwell Av,Bk,D F N Q,Viaduct,40.577422,-73.98123299999999
46,46,D30,CORTELYOU ROAD,BMT,Broadway - Brighton,Cortelyou Rd,Bk,Q,Open Cut,40.640927000000005,-73.963891
46,46,D30,CORTELYOU RD,BMT,Broadway - Brighton,Cortelyou Rd,Bk,Q,Open Cut,40.640927000000005,-73.963891
21,624,R25,CORTLANDT ST,BMT,Broadway,Cortlandt St,M,R W,Subway,40.710668,-74.01102900000001
281,606,G22,COURT SQ,IND,Crosstown,Court Sq,Q,G,Subway,40.746553999999996,-73.943832
462,606,719,COURT SQ,IRT,Flushing,Court Sq,Q,7,Elevated,40.747023,-73.945264
274,606,F09,COURT SQ-23 ST,IND,Queens Blvd,Court Sq-23 St,Q,E M,Subway,40.747846,-73.946
24,620,R28,COURT SQ,BMT,Broadway,Court St,Bk,R,Subway,40.6941,-73.991777
87,87,J20,CRESCENT ST,BMT,Jamaica,Crescent St,Bk,J Z,Elevated,40.683194,-73.873785
345,345,250,CROWN HTS-UTICA,IRT,Eastern Pky,Crown Hts-Utica Av,Bk,3 4,Subway,40.668896999999994,-73.93294200000001
375,375,617,CYPRESS AVE,IRT,Pelham,Cypress Av,Bx,6,Subway,40.805368,-73.91404200000001
375,375,617,CYPRESS AV,IRT,Pelham,Cypress Av,Bx,6,Subway,40.805368,-73.91404200000001
86,86,J19,CYPRESS HILLS,BMT,Jamaica,Cypress Hills,Bk,J,Elevated,40.689941,-73.87255
26,26,R30,DEKALB AVE,BMT,Broadway - Brighton,DeKalb Av,Bk,B Q R,Subway,40.690635,-73.981824
127,127,L16,DEKALB AV,BMT,Canarsie,DeKalb Av,Bk,L,Subway,40.703811,-73.918425
102,625,M18,DELANCEY/ESSEX,BMT,Jamaica,Delancey St-Essex St,M,J M Z,Subway,40.718315000000004,-73.987437
102,625,M18,DELANCEY ST,BMT,Jamaica,Delancey St-Essex St,M,J M Z,Subway,40.718315000000004,-73.987437
233,625,F15,DELANCEY/ESSEX,IND,6th Av - Culver,Delancey St-Essex St,M,F,Subway,40.718610999999996,-73.988114
233,625,F15,DELANCEY ST,IND,6th Av - Culver,Delancey St-Essex St,M,F,Subway,40.718610999999996,-73.988114
244,244,F29,DITMAS AVE,IND,6th Av - Culver,Ditmas Av,Bk,F,Elevated,40.636119,-73.978172
244,244,F29,DITMAS AV,IND,6th Av - Culver,Ditmas Av,Bk,F,Elevated,40.636119,-73.978172
144,144,A03,DYCKMAN-200 ST,IND,8th Av - Fulton St,Dyckman St,M,A,Subway,40.865491,-73.92727099999999
299,299,109,DYCKMAN ST,IRT,Broadway - 7Av,Dyckman St,M,1,Elevated,40.860531,-73.925536
374,374,616,E 143/ST MARY'S,IRT,Pelham,E 143 St-St Mary's St,Bx,6,Subway,40.808719,-73.907657
374,374,616,E 143 ST,IRT,Pelham,E 143 St-St Mary's St,Bx,6,Subway,40.808719,-73.907657
373,373,615,E 149 ST,IRT,Pelham,E 149 St,Bx,6,Subway,40.812118,-73.904098
426,426,213,E 180 ST,IRT,Lenox - White Plains Rd,E 180 St,Bx,2 5,Elevated,40.841894,-73.873488
137,137,L28,EAST 105 ST,BMT,Canarsie,East 105 St,Bk,L,At Grade,40.650573,-73.899485
234,234,F16,EAST BROADWAY,IND,6th Av - Culver,East Broadway,M,F,Subway,40.713715,-73.990173
442,442,501,EASTCHSTER/DYRE,IRT,Dyre Av,Eastchester-Dyre Av,Bx,5,At Grade,40.8883,-73.830834
341,341,238,EASTN PKWY-MUSM,IRT,Eastern Pky,Eastern Pkwy-Brooklyn Museum,Bk,2 3,Subway,40.671987,-73.964375
341,341,238,EASTERN PKWY,IRT,Eastern Pky,Eastern Pkwy-Brooklyn Museum,Bk,2 3,Subway,40.671987,-73.964375
369,369,611,ELDER AVE,IRT,Pelham,Elder Av,Bx,6,Elevated,40.828584,-73.879159
369,369,611,ELDER AV,IRT,Pelham,Elder Av,Bx,6,Elevated,40.828584,-73.879159
266,266,G13,ELMHURST AVE,IND,Queens Blvd,Elmhurst Av,Q,M R,Subway,40.742453999999995,-73.882017
266,266,G13,ELMHURST AV,IND,Queens Blvd,Elmhurst Av,Q,M R,Subway,40.742453999999995,-73.882017
188,188,A55,EUCLID AVE,IND,8th Av - Fulton St,Euclid Av,Bk,A C,Subway,40.675377000000005,-73.872106
188,188,A55,EUCLID AV,IND,8th Av - Fulton St,Euclid Av,Bk,A C,Subway,40.675377000000005,-73.872106
209,209,H11,FAR ROCKAWAY,IND,Rockaway,Far Rockaway-Mott Av,Q,A,Viaduct,40.603995,-73.75540500000001
359,359,247,FLATBUSH AVE,IRT,Nostrand,Flatbush Av-Brooklyn College,Bk,2 5,Subway,40.632836,-73.947642
359,359,247,FLATBUSH AV-B.C,IRT,Nostrand,Flatbush Av-Brooklyn College,Bk,2 5,Subway,40.632836,-73.947642
98,98,M12,FLUSHING AVE,BMT,Jamaica,Flushing Av,Bk,J M,Elevated,40.70026,-73.941126
287,287,G31,FLUSHING AV,IND,Crosstown,Flushing Av,Bk,G,Subway,40.700377,-73.950234
447,447,701,FLUSHING-MAIN,IRT,Flushing,Flushing-Main St,Q,7,Subway,40.7596,-73.83003000000001
213,213,D05,FORDHAM ROAD,IND,Concourse,Fordham Rd,Bx,B D,Subway,40.861296,-73.897749
382,382,407,FORDHAM RD,IRT,Jerome Av,Fordham Rd,Bx,4,Elevated,40.862803,-73.901034
110,110,M05,FOREST AVE,BMT,Myrtle Av,Forest Av,Q,M,Elevated,40.704423,-73.903077
261,261,G08,FOREST HILLS-71,IND,Queens Blvd,Forest Hills-71 Av,Q,E F M R,Subway,40.721691,-73.844521
261,261,G08,FOREST HILLS 71,IND,Queens Blvd,Forest Hills-71 Av,Q,E F M R,Subway,40.721691,-73.844521
60,60,B13,FT HAMILTON PKY,BMT,West End,Fort Hamilton Pkwy,Bk,D,Elevated,40.640914,-73.994304
72,72,N03,FT HAMILTON PKY,BMT,Sea Beach,Fort Hamilton Pkwy,Bk,N,Open Cut,40.631386,-74.005351
242,242,F26,FT HAMILTON PKY,IND,6th Av - Culver,Fort Hamilton Pkwy,Bk,F G,Subway,40.650782,-73.975776
139,627,S01,FRANKLIN AVE,BMT,Franklin Shuttle,Franklin Av,Bk,S,Elevated,40.680596,-73.955827
139,627,S01,FRANKLIN AV,BMT,Franklin Shuttle,Franklin Av,Bk,S,Elevated,40.680596,-73.955827
178,627,A45,FRANKLIN AVE,IND,8th Av - Fulton St,Franklin Av,Bk,C,Subway,40.68138,-73.956848
178,627,A45,FRANKLIN AV,IND,8th Av - Fulton St,Franklin Av,Bk,C,Subway,40.68138,-73.956848
342,626,239,FRANKLIN AVE,IRT,Eastern Pky,Franklin Avenue-Medgar Evers College,Bk,2 3 4 5,Subway,40.670682,-73.95813100000001
342,626,239,FRANKLIN AV,IRT,Eastern Pky,Franklin Avenue-Medgar Evers College,Bk,2 3 4 5,Subway,40.670682,-73.95813100000001
326,326,136,FRANKLIN ST,IRT,Broadway - 7Av,Franklin St,M,1,Subway,40.719318,-74.006886
429,429,216,FREEMAN ST,IRT,Lenox - White Plains Rd,Freeman St,Bx,2 5,Elevated,40.829993,-73.891865
109,109,M04,FRESH POND ROAD,BMT,Myrtle Av,Fresh Pond Rd,Q,M,Elevated,40.706185999999995,-73.895877
109,109,M04,FRESH POND RD,BMT,Myrtle Av,Fresh Pond Rd,Q,M,Elevated,40.706185999999995,-73.895877
106,628,M22,FULTON ST,BMT,Jamaica,Fulton St,M,J Z,Subway,40.710374,-74.007582
172,628,A38,FULTON ST,IND,8th Av - Fulton St,Fulton St,M,A C,Subway,40.710196999999994,-74.00769100000001
292,292,G36,FULTON ST,IND,Crosstown,Fulton St,Bk,G,Subway,40.687119,-73.975375
332,628,229,FULTON ST,IRT,Clark St,Fulton St,M,2 3,Subway,40.709416,-74.006571
412,628,418,FULTON ST,IRT,Lexington Av,Fulton St,M,4 5,Subway,40.710368,-74.009509
95,95,J30,GATES AVE,BMT,Jamaica,Gates Av,Bk,J Z,Elevated,40.68963,-73.92227
95,95,J30,GATES AV,BMT,Jamaica,Gates Av,Bk,J Z,Elevated,40.68963,-73.92227
122,122,L11,GRAHAM AVE,BMT,Canarsie,Graham Av,Bk,L,Subway,40.714565,-73.944053
122,122,L11,GRAHAM AV,BMT,Canarsie,Graham Av,Bk,L,Subway,40.714565,-73.944053
340,340,237,GRAND ARMY PLAZ,IRT,Eastern Pky,Grand Army Plaza,Bk,2 3,Subway,40.675235,-73.971046
265,265,G12,GRAND-NEWTOWN,IND,Queens Blvd,Grand Av-Newtown,Q,M R,Subway,40.737015,-73.877223
265,265,G12,GRAND AV-NEWTON,IND,Queens Blvd,Grand Av-Newtown,Q,M R,Subway,40.737015,-73.877223
402,610,631,42 ST-GRD CNTRL,IRT,Lexington Av,Grand Central-42 St,M,4 5 6,Subway,40.751776,-73.976848
465,610,723,42 ST-GRD CNTRL,IRT,Flushing,Grand Central-42 St,M,7,Subway,40.751431,-73.97604100000001
469,610,901,42 ST-GRD CNTRL,IRT,Lexington - Shuttle,Grand Central-42 St,M,S,Subway,40.752769,-73.979189
123,123,L12,GRAND ST,BMT,Canarsie,Grand St,Bk,L,Subway,40.711926,-73.94067
231,231,D22,GRAND ST,IND,6th Av - Culver,Grand St,M,B D,Subway,40.718267,-73.993753
189,189,A57,GRANT AVE,IND,Liberty Av,Grant Av,Bk,A,Subway,40.677044,-73.86505
189,189,A57,GRANT AV,IND,Liberty Av,Grant Av,Bk,A,Subway,40.677044,-73.86505
283,283,G26,GREENPOINT AVE,IND,Crosstown,Greenpoint Av,Bk,G,Subway,40.731352,-73.954449
283,283,G26,GREENPOINT AV,IND,Crosstown,Greenpoint Av,Bk,G,Subway,40.731352,-73.954449
421,421,208,GUN HILL ROAD,IRT,Lenox - White Plains Rd,Gun Hill Rd,Bx,2 5,Elevated,40.87785,-73.866256
444,444,503,GUN HILL RD,IRT,Dyre Av,Gun Hill Rd,Bx,5,Open Cut,40.869526,-73.846384
94,94,J29,HALSEY ST,BMT,Jamaica,Halsey St,Bk,J,Elevated,40.686370000000004,-73.91655899999999
129,129,L19,HALSEY ST,BMT,Canarsie,Halsey St,Q,L,Subway,40.695602,-73.904084
436,436,301,HARLEM 148 ST,IRT,Lenox - White Plains Rd,Harlem-148 St,M,3,Subway,40.823879999999996,-73.93647
100,100,M14,HEWES ST,BMT,Jamaica,Hewes St,Bk,J M,Elevated,40.70687,-73.95343100000001
173,173,A40,HIGH ST,IND,8th Av - Fulton St,High St,Bk,A C,Subway,40.699337,-73.990531
324,324,134,HOUSTON ST,IRT,Broadway - 7Av,Houston St,M,1,Subway,40.728251,-74.005367
198,198,H03,HOWARD BCH-JFK,IND,Rockaway,Howard Beach-JFK Airport,Q,A,At Grade,40.660476,-73.830301
198,198,H03,HOWARD BCH JFK,IND,Rockaway,Howard Beach-JFK Airport,Q,A,At Grade,40.660476,-73.830301
336,336,233,HOYT ST,IRT,Eastern Pky,Hoyt St,Bk,2 3,Subway,40.690545,-73.985065
175,175,A42,HOYT/SCHERMER,IND,8th Av - Fulton St,Hoyt-Schermerhorn Sts,Bk,A C G,Subway,40.688484,-73.985001
175,175,A42,HOYT/SCHERMER,IND,8th Av - Fulton St,Hoyt-Schermerhorn Sts,Bk,A C G,Subway,40.688484,-73.985001
463,463,720,HUNTERS PT AVE,IRT,Flushing,Hunters Point Av,Q,7,Subway,40.742216,-73.948916
463,463,720,HUNTERS PT AV,IRT,Flushing,Hunters Point Av,Q,7,Subway,40.742216,-73.948916
371,371,613,HUNTS POINT AVE,IRT,Pelham,Hunts Point Av,Bx,6,Subway,40.820948,-73.890549
371,371,613,HUNTS POINT AV,IRT,Pelham,Hunts Point Av,Bx,6,Subway,40.820948,-73.890549
431,431,218,INTERVALE-163,IRT,Lenox - White Plains Rd,Intervale Av,Bx,2 5,Elevated,40.822181,-73.896736
431,431,218,INTERVALE AV,IRT,Lenox - White Plains Rd,Intervale Av,Bx,2 5,Elevated,40.822181,-73.896736
143,143,A02,INWOOD-207 ST,IND,8th Av - Fulton St,Inwood-207 St,M,A,Subway,40.868072,-73.919899
433,433,220,JACKSON AVE,IRT,Lenox - White Plains Rd,Jackson Av,Bx,2 5,Elevated,40.81649,-73.90780699999999
433,433,220,JACKSON AV,IRT,Lenox - White Plains Rd,Jackson Av,Bx,2 5,Elevated,40.81649,-73.90780699999999
267,616,G14,ROOSEVELT AVE,IND,Queens Blvd,Jackson Hts-Roosevelt Av,Q,E F M R,Subway,40.746644,-73.891338
278,278,G05,JAMAICA CENTER,IND,Queens - Archer,Jamaica Center-Parsons/Archer,Q,E J Z,Subway,40.702147,-73.801109
254,254,F01,JAMAICA-179 ST,IND,Queens Blvd,Jamaica-179 St,Q,F,Subway,40.712646,-73.783817
280,280,G07,JAMAICA-VAN WYC,IND,Queens - Archer,Jamaica-Van Wyck,Q,E,Subway,40.702566,-73.816859
25,636,R29,JAY ST-METROTEC,BMT,Broadway,Jay St-MetroTech,Bk,R,Subway,40.69218,-73.98594200000001
174,636,A41,JAY ST-METROTEC,IND,8th Av - Fulton St,Jay St-MetroTech,Bk,A C F,Subway,40.692338,-73.987342
126,126,L15,JEFFERSON ST,BMT,Canarsie,Jefferson St,Bk,L,Subway,40.706607,-73.922913
451,451,707,JUNCTION BLVD,IRT,Flushing,Junction Blvd,Q,7,Elevated,40.749145,-73.869527
349,349,254,JUNIUS ST,IRT,Eastern Pky,Junius St,Bk,3,Elevated,40.663515000000004,-73.902447
259,259,F06,KEW GARDENS,IND,Queens Blvd,Kew Gardens-Union Tpke,Q,E F,Subway,40.714441,-73.831008
51,51,D35,KINGS HWY,BMT,Broadway - Brighton,Kings Hwy,Bk,B Q,Open Cut,40.608670000000004,-73.957734
51,51,D35,KINGS HIGHWAY,BMT,Broadway - Brighton,Kings Hwy,Bk,B Q,Open Cut,40.608670000000004,-73.957734
77,77,N08,KINGS HWY,BMT,Sea Beach,Kings Hwy,Bk,N,Open Cut,40.603922999999995,-73.98035300000001
77,77,N08,KINGS HIGHWAY,BMT,Sea Beach,Kings Hwy,Bk,N,Open Cut,40.603922999999995,-73.98035300000001
250,250,F35,KINGS HWY,IND,6th Av - Culver,Kings Hwy,Bk,F,Elevated,40.603217,-73.97236099999999
250,250,F35,KINGS HIGHWAY,IND,6th Av - Culver,Kings Hwy,Bk,F,Elevated,40.603217,-73.97236099999999
212,212,D04,KINGSBRIDGE RD,IND,Concourse,Kingsbridge Rd,Bx,B D,Subway,40.866978,-73.893509
381,381,406,KINGSBRIDGE RD,IRT,Jerome Av,Kingsbridge Rd,Bx,4,Elevated,40.86776,-73.89717399999999
344,344,249,KINGSTON AVE,IRT,Eastern Pky,Kingston Av,Bk,3,Subway,40.669399,-73.942161
344,344,249,KINGSTON AV,IRT,Eastern Pky,Kingston Av,Bk,3,Subway,40.669399,-73.942161
180,180,A47,KINGSTON-THROOP,IND,8th Av - Fulton St,Kingston-Throop Avs,Bk,C,Subway,40.679921,-73.94085799999999
113,113,M09,KNICKERBOCKER,BMT,Myrtle Av,Knickerbocker Av,Bk,M,Elevated,40.698664,-73.91971099999999
96,96,J31,KOSCIUSZKO ST,BMT,Jamaica,Kosciuszko St,Bk,J,Elevated,40.693342,-73.928814
176,176,A43,LAFAYETTE AVE,IND,8th Av - Fulton St,Lafayette Av,Bk,C,Subway,40.686113,-73.973946
176,176,A43,LAFAYETTE AV,IND,8th Av - Fulton St,Lafayette Av,Bk,C,Subway,40.686113,-73.973946
275,612,F11,LEXINGTON AVE,IND,Queens Blvd,Lexington Av/53 St,M,E M,Subway,40.757552000000004,-73.96905500000001
275,612,F11,LEXINGTON-53 ST,IND,Queens Blvd,Lexington Av/53 St,M,E M,Subway,40.757552000000004,-73.96905500000001
275,612,F11,LEXINGTON AV/53,IND,Queens Blvd,Lexington Av/53 St,M,E M,Subway,40.757552000000004,-73.96905500000001
7,613,R11,LEXINGTON AVE,BMT,Astoria,Lexington Av/59 St,M,N W R,Subway,40.76266,-73.967258
7,613,R11,LEXINGTON AVE,BMT,Astoria,Lexington Av/59 St,M,N W R,Subway,40.76266,-73.967258
223,223,B08,LEXINGTON AVE,IND,63rd St,Lexington Av/63 St,M,F Q,Subway,40.764629,-73.966113
223,223,B08,LEXINGTON AV/63,IND,63rd St,Lexington Av/63 St,M,F Q,Subway,40.764629,-73.966113
185,185,A52,LIBERTY AVE,IND,8th Av - Fulton St,Liberty Av,Bk,C,Subway,40.674541999999995,-73.896548
185,185,A52,LIBERTY AV,IND,8th Av - Fulton St,Liberty Av,Bk,C,Subway,40.674541999999995,-73.896548
135,135,L26,LIVONIA AVE,BMT,Canarsie,Livonia Av,Bk,L,Elevated,40.664038,-73.900571
135,135,L26,LIVONIA AV,BMT,Canarsie,Livonia Av,Bk,L,Elevated,40.664038,-73.900571
372,372,614,LONGWOOD AVE,IRT,Pelham,Longwood Av,Bx,6,Subway,40.816103999999996,-73.896435
372,372,614,LONGWOOD AV,IRT,Pelham,Longwood Av,Bx,6,Subway,40.816103999999996,-73.896435
99,99,M13,LORIMER ST,BMT,Jamaica,Lorimer St,Bk,J M,Elevated,40.703869,-73.947408
121,629,L10,LORIMER ST,BMT,Canarsie,Lorimer St,Bk,L,Subway,40.714063,-73.950275
296,296,106,MARBLE HILL-225,IRT,Broadway - 7Av,Marble Hill-225 St,M,1,Elevated,40.874561,-73.90983100000001
101,101,M16,MARCY AVE,BMT,Jamaica,Marcy Av,Bk,J M Z,Elevated,40.708359,-73.957757
101,101,M16,MARCY AV,BMT,Jamaica,Marcy Av,Bk,J M Z,Elevated,40.708359,-73.957757
285,629,G29,METROPOLITAN AV,IND,Crosstown,Metropolitan Av,Bk,G,Subway,40.712792,-73.951418
448,448,702,METS-WILLETS PT,IRT,Flushing,Mets-Willets Point,Q,7,Elevated,40.754622,-73.845625
108,108,M01,METROPOLITAN AV,BMT,Myrtle Av,Middle Village-Metropolitan Av,Q,M,Elevated,40.711396,-73.889601
362,362,603,MIDDLETOWN ROAD,IRT,Pelham,Middletown Rd,Bx,6,Elevated,40.843863,-73.836322
362,362,603,MIDDLETOWN RD,IRT,Pelham,Middletown Rd,Bx,6,Elevated,40.843863,-73.836322
124,124,L13,MONTROSE AVE,BMT,Canarsie,Montrose Av,Bk,L,Subway,40.707739000000004,-73.93985
124,124,L13,MONTROSE AV,BMT,Canarsie,Montrose Av,Bk,L,Subway,40.707739000000004,-73.93985
125,125,L14,MORGAN AVE,BMT,Canarsie,Morgan Av,Bk,L,Subway,40.706152,-73.93314699999999
125,125,L14,MORGAN AV,BMT,Canarsie,Morgan Av,Bk,L,Subway,40.706152,-73.93314699999999
446,446,505,MORRIS PARK,IRT,Dyre Av,Morris Park,Bx,5,Open Cut,40.854364000000004,-73.860495
368,368,610,MORRISON AVE,IRT,Pelham,Morrison Av-Soundview,Bx,6,Elevated,40.829521,-73.874516
368,368,610,MORISN AV/SNDVW,IRT,Pelham,Morrison Av-Soundview,Bx,6,Elevated,40.829521,-73.874516
379,379,402,MOSHOLU PKWY,IRT,Jerome Av,Mosholu Pkwy,Bx,4,Elevated,40.87975,-73.88465500000001
379,379,402,MOSHOLU PARKWAY,IRT,Jerome Av,Mosholu Pkwy,Bx,4,Elevated,40.87975,-73.88465500000001
386,386,411,MT EDEN AVE,IRT,Jerome Av,Mt Eden Av,Bx,4,Elevated,40.844434,-73.91468499999999
386,386,411,MT EDEN AV,IRT,Jerome Av,Mt Eden Av,Bx,4,Elevated,40.844434,-73.91468499999999
97,97,M11,MYRTLE AVE,BMT,Jamaica,Myrtle Av,Bk,J M Z,Elevated,40.697207,-73.93565699999999
97,97,M11,MYRTLE AV,BMT,Jamaica,Myrtle Av,Bk,J M Z,Elevated,40.697207,-73.93565699999999
288,288,G32,MYRTLE-WILLOUGH,IND,Crosstown,Myrtle-Willoughby Avs,Bk,G,Subway,40.694568,-73.949046
112,630,M08,MYRTLE-WYCKOFF,BMT,Myrtle Av,Myrtle-Wyckoff Avs,Bk,M,Elevated,40.69943,-73.912385
128,630,L17,MYRTLE-WYCKOFF,BMT,Canarsie,Myrtle-Wyckoff Avs,Bk,L,Subway,40.699814,-73.911586
284,284,G28,NASSAU AV,IND,Crosstown,Nassau Av,Bk,G,Subway,40.724635,-73.951277
53,53,D38,NECK ROAD,BMT,Broadway - Brighton,Neck Rd,Bk,Q,Open Cut,40.595246,-73.955161
53,53,D38,NECK RD,BMT,Broadway - Brighton,Neck Rd,Bk,Q,Open Cut,40.595246,-73.955161
253,253,F39,NEPTUNE AVE,IND,6th Av - Culver,Neptune Av,Bk,F,Elevated,40.581011,-73.974574
253,253,F39,NEPTUNE AV,IND,6th Av - Culver,Neptune Av,Bk,F,Elevated,40.581011,-73.974574
417,417,204,NEREID AVE,IRT,Lenox - White Plains Rd,Nereid Av,Bx,2 5,Elevated,40.898379,-73.854376
337,337,234,NEVINS ST,IRT,Eastern Pky,Nevins St,Bk,2 3 4 5,Subway,40.688246,-73.980492
136,136,L27,NEW LOTS AVE,BMT,Canarsie,New Lots Av,Bk,L,Elevated,40.658733000000005,-73.899232
136,136,L27,NEW LOTS AV,BMT,Canarsie,New Lots Av,Bk,L,Elevated,40.658733000000005,-73.899232
136,136,L27,NEW LOTS,BMT,Canarsie,New Lots Av,Bk,L,Elevated,40.658733000000005,-73.899232
352,352,257,NEW LOTS AVE,IRT,Eastern Pky,New Lots Av,Bk,3,Elevated,40.666235,-73.884079
352,352,257,NEW LOTS AV,IRT,Eastern Pky,New Lots Av,Bk,3,Elevated,40.666235,-73.884079
352,352,257,NEW LOTS,IRT,Eastern Pky,New Lots Av,Bk,3,Elevated,40.666235,-73.884079
73,615,N04,NEW UTRECHT AVE,BMT,Sea Beach,New Utrecht Av,Bk,N,Open Cut,40.624842,-73.996353
73,615,N04,NEW UTRECHT AV,BMT,Sea Beach,New Utrecht Av,Bk,N,Open Cut,40.624842,-73.996353
358,358,246,NEWKIRK AVE,IRT,Nostrand,Newkirk Av - Little Haiti,Bk,2 5,Subway,40.639967,-73.948411
358,358,246,NEWKIRK AV,IRT,Nostrand,Newkirk Av - Little Haiti,Bk,2 5,Subway,40.639967,-73.948411
47,47,D31,NEWKIRK PLAZA,BMT,Broadway - Brighton,Newkirk Plaza,Bk,B Q,Open Cut,40.635082000000004,-73.962793
269,269,G16,NORTHERN BLVD,IND,Queens Blvd,Northern Blvd,Q,M R,Subway,40.752885,-73.906006
88,88,J21,NORWOOD AVE,BMT,Jamaica,Norwood Av,Bk,J Z,Elevated,40.68141,-73.880039
88,88,J21,NORWOOD AV,BMT,Jamaica,Norwood Av,Bk,J Z,Elevated,40.68141,-73.880039
210,210,D01,NORWOOD-205 ST,IND,Concourse,Norwood-205 St,Bx,D,Subway,40.874811,-73.878855
179,179,A46,NOSTRAND AVE,IND,8th Av - Fulton St,Nostrand Av,Bk,A C,Subway,40.680438,-73.95042600000001
343,343,248,NOSTRAND AV,IRT,Eastern Pky,Nostrand Av,Bk,3,Subway,40.669847,-73.950466
56,56,D41,OCEAN PKWY,BMT,Broadway - Brighton,Ocean Pkwy,Bk,Q,Elevated,40.576312,-73.968501
56,56,D41,OCEAN PARKWAY,BMT,Broadway - Brighton,Ocean Pkwy,Bk,Q,Elevated,40.576312,-73.968501
195,195,A65,OZONE PK LEFFRT,IND,Liberty Av,Ozone Park-Lefferts Blvd,Q,A,Elevated,40.685951,-73.82579799999999
141,141,S03,PARK PLACE,BMT,Franklin Shuttle,Park Pl,Bk,S,Open Cut,40.674772,-73.957624
331,624,228,PARK PLACE,IRT,Clark St,Park Place,M,2 3,Subway,40.713051,-74.008811
366,366,608,PARKCHESTER,IRT,Pelham,Parkchester,Bx,6,Elevated,40.833226,-73.860816
43,43,D27,PARKSIDE AVE,BMT,Broadway - Brighton,Parkside Av,Bk,Q,Open Cut,40.655291999999996,-73.961495
43,43,D27,PARKSIDE AV,BMT,Broadway - Brighton,Parkside Av,Bk,Q,Open Cut,40.655291999999996,-73.961495
256,256,F03,PARSONS BLVD,IND,Queens Blvd,Parsons Blvd,Q,F,Subway,40.707564,-73.803326
360,360,601,PELHAM BAY PARK,IRT,Pelham,Pelham Bay Park,Bx,6,Elevated,40.852462,-73.828121
424,424,211,PELHAM PKWY,IRT,Lenox - White Plains Rd,Pelham Pkwy,Bx,2 5,Elevated,40.857192,-73.867615
445,445,504,PELHAM PARKWAY,IRT,Dyre Av,Pelham Pkwy,Bx,5,Open Cut,40.858985,-73.85535899999999
350,350,255,PENNSYLVANIA AV,IRT,Eastern Pky,Pennsylvania Av,Bk,3,Elevated,40.664635,-73.89489499999999
353,353,241,PRESIDENT ST,IRT,Nostrand,President Street-Medgar Evers College,Bk,2 5,Subway,40.667883,-73.950683
17,17,R22,PRINCE ST-B'WAY,BMT,Broadway - Brighton,Prince St,M,R W,Subway,40.724329,-73.997702
30,30,R34,PROSPECT AVE,BMT,4th Av,Prospect Av,Bk,R,Subway,40.665414,-73.99287199999999
432,432,219,PROSPECT AV,IRT,Lenox - White Plains Rd,Prospect Av,Bx,2 5,Elevated,40.819585,-73.90177
42,42,D26,PROSPECT PARK,BMT,Broadway - Brighton,Prospect Park,Bk,B Q S,Open Cut,40.661614,-73.962246
273,273,G21,QUEENS PLAZA,IND,Queens Blvd,Queens Plaza,Q,E M R,Subway,40.748973,-73.93724300000001
461,461,718,QUEENSBORO PLZ,IRT,Flushing,Queensboro Plaza,Q,7,Elevated,40.750582,-73.940202
461,461,R09,QUEENSBORO PLZ,BMT,Astoria,Queensboro Plaza,Q,N W,Elevated,40.750582,-73.940202
182,182,A49,RALPH AVE,IND,8th Av - Fulton St,Ralph Av,Bk,C,Subway,40.678822,-73.92078599999999
182,182,A49,RALPH AV,IND,8th Av - Fulton St,Ralph Av,Bk,C,Subway,40.678822,-73.92078599999999
22,22,R26,RECTOR ST,BMT,Broadway,Rector St,M,R W,Subway,40.70722,-74.01334200000001
329,329,139,RECTOR ST,IRT,Broadway - 7Av,Rector St,M,1,Subway,40.707513,-74.01378299999999
183,183,A50,ROCKAWAY AVE,IND,8th Av - Fulton St,Rockaway Av,Bk,C,Subway,40.678340000000006,-73.911946
183,183,A50,ROCKAWAY AV,IND,8th Av - Fulton St,Rockaway Av,Bk,C,Subway,40.678340000000006,-73.911946
348,348,253,ROCKAWAY AVE,IRT,Eastern Pky,Rockaway Av,Bk,3,Elevated,40.662549,-73.908946
348,348,253,ROCKAWAY AV,IRT,Eastern Pky,Rockaway Av,Bk,3,Elevated,40.662549,-73.908946
192,192,A61,ROCKAWAY BLVD,IND,Liberty Av,Rockaway Blvd,Q,A,Elevated,40.680429,-73.843853
203,203,H15,ROCKAWAY PK 116,IND,Rockaway,Rockaway Park-Beach 116 St,Q,A S,At Grade,40.580903,-73.835592
222,222,B06,ROOSEVELT ISLND,IND,63rd St,Roosevelt Island,M,F,Subway,40.759145000000004,-73.95326
222,222,B06,ROOSEVELT IS,IND,63rd St,Roosevelt Island,M,F,Subway,40.759145000000004,-73.95326
347,347,252,SARATOGA AVE,IRT,Eastern Pky,Saratoga Av,Bk,3,Elevated,40.661453,-73.916327
347,347,252,SARATOGA AV,IRT,Eastern Pky,Saratoga Av,Bk,3,Elevated,40.661453,-73.916327
111,111,M06,SENECA AVE,BMT,Myrtle Av,Seneca Av,Q,M,Elevated,40.702762,-73.90774
54,54,D39,SHEEPSHEAD BAY,BMT,Broadway - Brighton,Sheepshead Bay,Bk,B Q,Open Cut,40.586896,-73.954155
187,187,A54,SHEPHERD AVE,IND,8th Av - Fulton St,Shepherd Av,Bk,C,Subway,40.67413,-73.88075
187,187,A54,SHEPHERD AV,IND,8th Av - Fulton St,Shepherd Av,Bk,C,Subway,40.67413,-73.88075
430,430,217,SIMPSON ST,IRT,Lenox - White Plains Rd,Simpson St,Bx,2 5,Elevated,40.824073,-73.893064
238,238,F22,SMITH-9 ST,IND,6th Av - Culver,Smith-9 Sts,Bk,F G,Viaduct,40.67358,-73.995959
330,635,142,SOUTH FERRY,IRT,Broadway - 7Av,South Ferry,M,1,Subway,40.702068,-74.013664
168,168,A33,SPRING ST,IND,8th Av - Fulton St,Spring St,M,C E,Subway,40.726227,-74.003739
409,409,638,SPRING ST,IRT,Lexington Av,Spring St,M,6,Subway,40.722301,-73.997141
501,501,S31,ST. GEORGE,SIR,Staten Island,St George,SI,SIR,Open Cut,40.643747999999995,-74.073643
367,367,609,ST LAWRENCE AVE,IRT,Pelham,St Lawrence Av,Bx,6,Elevated,40.831509000000004,-73.86761800000001
367,367,609,ST LAWRENCE AV,IRT,Pelham,St Lawrence Av,Bx,6,Elevated,40.831509000000004,-73.86761800000001
271,271,G19,STEINWAY ST,IND,Queens Blvd,Steinway St,Q,M R,Subway,40.756879,-73.92074000000001
354,354,242,STERLING ST,IRT,Nostrand,Sterling St,Bk,2 5,Subway,40.662742,-73.95085
257,257,F04,SUTPHIN BLVD,IND,Queens Blvd,Sutphin Blvd,Q,F,Subway,40.705459999999995,-73.81070799999999
279,279,G06,SUTPHIN-ARCHER,IND,Queens - Archer,Sutphin Blvd-Archer Av-JFK Airport,Q,E J Z,Subway,40.700486,-73.807969
134,134,L25,SUTTER AVE,BMT,Canarsie,Sutter Av,Bk,L,Elevated,40.669367,-73.901975
134,134,L25,SUTTER AV,BMT,Canarsie,Sutter Av,Bk,L,Elevated,40.669367,-73.901975
346,346,251,SUTTER AV-RUTLD,IRT,Eastern Pky,Sutter Av-Rutland Rd,Bk,3,Elevated,40.664716999999996,-73.92260999999999
11,611,R16,42 ST-TIMES SQ,BMT,Broadway - Brighton,Times Sq-42 St,M,N Q R W,Subway,40.754672,-73.986754
317,611,127,42 ST-TIMES SQ,IRT,Broadway - 7Av,Times Sq-42 St,M,1 2 3,Subway,40.75529,-73.987495
467,611,725,42 ST-TIMES SQ,IRT,Flushing,Times Sq-42 St,M,7,Subway,40.755477,-73.987691
468,611,902,42 ST-TIMES SQ,IRT,Lexington - Shuttle,Times Sq-42 St,M,S,Subway,40.755983,-73.98622900000001
502,502,S30,TOMPKINSVILLE,SIR,Staten Island,Tompkinsville,SI,SIR,At Grade,40.636949,-74.074835
215,215,D07,TREMONT AVE,IND,Concourse,Tremont Av,Bx,B D,Subway,40.85041,-73.905227
215,215,D07,TREMONT AV,IND,Concourse,Tremont Av,Bx,B D,Subway,40.85041,-73.905227
28,28,R32,UNION ST,BMT,4th Av,Union St,Bk,R,Subway,40.677316,-73.98311
181,181,A48,UTICA AVE,IND,8th Av - Fulton St,Utica Av,Bk,A C,Subway,40.679364,-73.930729
181,181,A48,UTICA AV,IND,8th Av - Fulton St,Utica Av,Bk,A C,Subway,40.679364,-73.930729
293,293,101,V.CORTLANDT PK,IRT,Broadway - 7Av,Van Cortlandt Park-242 St,Bx,1,Elevated,40.889247999999995,-73.898583
90,90,J23,VAN SICLEN AVE,BMT,Jamaica,Van Siclen Av,Bk,J Z,Elevated,40.678024,-73.891688
90,90,J23,VAN SICLEN AV,BMT,Jamaica,Van Siclen Av,Bk,J Z,Elevated,40.678024,-73.891688
186,186,A53,VAN SICLEN AVE,IND,8th Av - Fulton St,Van Siclen Av,Bk,C,Subway,40.672709999999995,-73.89035799999999
186,186,A53,VAN SICLEN AV,IND,8th Av - Fulton St,Van Siclen Av,Bk,C,Subway,40.672709999999995,-73.89035799999999
351,351,256,VAN SICLEN AVE,IRT,Eastern Pky,Van Siclen Av,Bk,3,Elevated,40.665449,-73.889395
351,351,256,VAN SICLEN AV,IRT,Eastern Pky,Van Siclen Av,Bk,3,Elevated,40.665449,-73.889395
464,464,721,VERNON/JACKSON,IRT,Flushing,Vernon Blvd-Jackson Av,Q,7,Subway,40.742626,-73.953581
464,464,721,VERNON-JACKSON,IRT,Flushing,Vernon Blvd-Jackson Av,Q,7,Subway,40.742626,-73.953581
167,167,A32,W 4 ST-WASH SQ,IND,8th Av - Fulton St,W 4 St-Wash Sq,M,A C E,Subway,40.732338,-74.000495
167,167,D20,W 4 ST-WASH SQ,IND,6th Av - Culver,W 4 St-Wash Sq,M,B D F M,Subway,40.732338,-74.000495
57,57,D42,W 8 ST-AQUARIUM,BMT,Broadway - Brighton,W 8 St-NY Aquarium,Bk,F Q,Elevated,40.576127,-73.975939
416,416,201,WAKEFIELD/241,IRT,Lenox - White Plains Rd,Wakefield-241 St,Bx,2,Elevated,40.903125,-73.85061999999999
416,416,201,WAKEFIELD-241,IRT,Lenox - White Plains Rd,Wakefield-241 St,Bx,2,Elevated,40.903125,-73.85061999999999
333,333,230,WALL ST,IRT,Clark St,Wall St,M,2 3,Subway,40.706821000000005,-74.0091
413,413,419,WALL ST,IRT,Lexington Av,Wall St,M,4 5,Subway,40.707557,-74.011862
427,427,214,WEST FARMS SQ,IRT,Lenox - White Plains Rd,West Farms Sq-E Tremont Av,Bx,2 5,Elevated,40.840295000000005,-73.880049
363,363,604,WESTCHESTER SQ,IRT,Pelham,Westchester Sq-E Tremont Av,Bx,6,Elevated,40.839892,-73.842952
23,635,R27,WHITEHALL ST,BMT,Broadway,Whitehall St-South Ferry,M,R W,Subway,40.703087,-74.01299399999999
23,635,R27,WHITEHALL S-FRY,BMT,Broadway,Whitehall St-South Ferry,M,R W,Subway,40.703087,-74.01299399999999
370,370,612,WHITLOCK AVE,IRT,Pelham,Whitlock Av,Bx,6,Elevated,40.826525,-73.88628299999999
370,370,612,WHITLOCK AV,IRT,Pelham,Whitlock Av,Bx,6,Elevated,40.826525,-73.88628299999999
130,130,L20,WILSON AVE,BMT,Canarsie,Wilson Av,Bk,L,Subway,40.688764,-73.904046
130,130,L20,WILSON AV,BMT,Canarsie,Wilson Av,Bk,L,Subway,40.688764,-73.904046
355,355,243,WINTHROP ST,IRT,Nostrand,Winthrop St,Bk,2 5,Subway,40.656652,-73.9502
83,83,J15,WOODHAVEN BLVD,BMT,Jamaica,Woodhaven Blvd,Q,J Z,Elevated,40.693878999999995,-73.851576
264,264,G11,WOODHAVEN BLVD,IND,Queens Blvd,Woodhaven Blvd,Q,M R,Subway,40.733106,-73.869229
378,378,401,WOODLAWN ROAD,IRT,Jerome Av,Woodlawn,Bx,4,Elevated,40.886037,-73.878751
378,378,401,WOODLAWN,IRT,Jerome Av,Woodlawn,Bx,4,Elevated,40.886037,-73.878751
456,456,712,61 ST/WOODSIDE,IRT,Flushing,Woodside-61 St,Q,7,Elevated,40.74563,-73.902984
456,456,712,61 ST WOODSIDE,IRT,Flushing,Woodside-61 St,Q,7,Elevated,40.74563,-73.902984
171,624,E01,WORLD TRADE CTR,IND,8th Av - Fulton St,World Trade Center,M,E,Subway,40.712582,-74.009781
328,328,138,WTC-CORTLANDT,IRT,Broadway - 7Av,WTC Cortlandt,M,1,Subway,40.711835,-74.012188
235,235,F18,YORK ST,IND,6th Av - Culver,York St,Bk,F,Subway,40.701397,-73.986751
364,364,606,ZEREGA AVE,IRT,Pelham,Zerega Av,Bx,6,Elevated,40.836488,-73.847036
364,364,606,ZEREGA AV,IRT,Pelham,Zerega Av,Bx,6,Elevated,40.836488,-73.847036
